State,Year,Deaths,Population,gunhomrate,Adjgunhomrate
Alabama,1999,293,4430141,6.6,6.6
Alabama,2000,294,4447100,6.6,6.6
Alabama,2001,302,4467634,6.8,6.8
Alabama,2002,292,4480089,6.5,6.5
Alabama,2003,322,4503491,7.2,7.2
Alabama,2004,262,4530729,5.8,5.9
Alabama,2005,319,4569805,7,7.1
Alabama,2006,333,4628981,7.2,7.3
Alabama,2007,378,4672840,8.1,8.3
Alabama,2008,349,4718206,7.4,7.6
Alabama,2009,317,4757938,6.7,6.9
Alabama,2010,283,4779736,5.9,6
Alabama,2011,292,4802740,6.1,6.2
Alabama,2012,306,4822023,6.3,6.6
Alabama,2013,317,4833722,6.6,6.9
Alabama,2014,292,4849377,6,6.4
Alabama,2015,391,4858979,8,8.5
Alabama,2016,454,4863300,9.3,9.8
Alabama,2017,506,4874747,10.4,11
Alabama,2018,468,4887871,9.6,10.2
Alabama,2019,486,4903185,9.9,10.7
Alabama,2020,564,4921532,11.5,12.4
Alaska,1999,27,624779,4.3,4.5
Alaska,2000,16,626932,Unreliable,Unreliable
Alaska,2001,25,633714,3.9,3.8
Alaska,2002,26,642337,4,3.8
Alaska,2003,32,648414,4.9,4.7
Alaska,2004,20,659286,3,2.9
Alaska,2005,24,666946,3.6,3.3
Alaska,2006,28,675302,4.1,4.1
Alaska,2007,25,680300,3.7,3.5
Alaska,2008,15,687455,Unreliable,Unreliable
Alaska,2009,17,698895,Unreliable,Unreliable
Alaska,2010,30,710231,4.2,4.2
Alaska,2011,19,722718,Unreliable,Unreliable
Alaska,2012,17,731449,Unreliable,Unreliable
Alaska,2013,19,735132,Unreliable,Unreliable
Alaska,2014,21,736732,2.9,2.6
Alaska,2015,42,738432,5.7,5.3
Alaska,2016,45,741894,6.1,6.1
Alaska,2017,46,739795,6.2,6.4
Alaska,2018,37,737438,5,5.1
Alaska,2019,51,731545,7,7.2
Alaska,2020,27,731158,3.7,3.8
Arizona,1999,303,5023823,6,5.9
Arizona,2000,274,5130632,5.3,5.3
Arizona,2001,332,5273477,6.3,6.2
Arizona,2002,355,5396255,6.6,6.5
Arizona,2003,324,5510364,5.9,5.7
Arizona,2004,342,5652404,6.1,6
Arizona,2005,377,5839077,6.5,6.4
Arizona,2006,387,6029141,6.4,6.5
Arizona,2007,354,6167681,5.7,5.8
Arizona,2008,333,6280362,5.3,5.4
Arizona,2009,228,6343154,3.6,3.7
Arizona,2010,271,6392017,4.2,4.4
Arizona,2011,259,6482505,4,4.1
Arizona,2012,254,6553255,3.9,4
Arizona,2013,251,6626624,3.8,3.8
Arizona,2014,212,6731484,3.1,3.3
Arizona,2015,236,6828065,3.5,3.6
Arizona,2016,303,6931071,4.4,4.5
Arizona,2017,304,7016270,4.3,4.5
Arizona,2018,293,7171646,4.1,4.3
Arizona,2019,285,7278717,3.9,4.1
Arizona,2020,382,7421401,5.1,5.5
Arkansas,1999,118,2651860,4.4,4.5
Arkansas,2000,140,2673400,5.2,5.2
Arkansas,2001,110,2691571,4.1,4.2
Arkansas,2002,146,2705927,5.4,5.5
Arkansas,2003,123,2724816,4.5,4.6
Arkansas,2004,141,2749686,5.1,5.3
Arkansas,2005,154,2781097,5.5,5.6
Arkansas,2006,155,2821761,5.5,5.6
Arkansas,2007,153,2848650,5.4,5.6
Arkansas,2008,145,2874554,5,5.4
Arkansas,2009,157,2896843,5.4,5.7
Arkansas,2010,132,2915918,4.5,4.7
Arkansas,2011,145,2937979,4.9,5.3
Arkansas,2012,166,2949131,5.6,5.9
Arkansas,2013,152,2959373,5.1,5.3
Arkansas,2014,161,2966369,5.4,5.7
Arkansas,2015,155,2978204,5.2,5.3
Arkansas,2016,182,2988248,6.1,6.4
Arkansas,2017,192,3004279,6.4,6.8
Arkansas,2018,194,3013825,6.4,6.7
Arkansas,2019,208,3017804,6.9,7.4
Arkansas,2020,282,3030522,9.3,10.1
California,1999,1380,33499204,4.1,4
California,2000,1483,33871648,4.4,4.2
California,2001,1589,34479458,4.6,4.4
California,2002,1810,34871843,5.2,5
California,2003,1782,35253159,5.1,4.9
California,2004,1808,35574576,5.1,4.9
California,2005,1878,35827943,5.2,5
California,2006,1883,36021202,5.2,5
California,2007,1701,36250311,4.7,4.5
California,2008,1569,36604337,4.3,4.1
California,2009,1460,36961229,4,3.8
California,2010,1342,37253956,3.6,3.5
California,2011,1314,37691912,3.5,3.4
California,2012,1362,38041430,3.6,3.5
California,2013,1312,38332521,3.4,3.4
California,2014,1233,38802500,3.2,3.2
California,2015,1396,39144818,3.6,3.6
California,2016,1467,39250017,3.7,3.7
California,2017,1435,39536653,3.6,3.7
California,2018,1275,39557045,3.2,3.2
California,2019,1246,39512223,3.2,3.2
California,2020,1732,39368078,4.4,4.5
Colorado,1999,121,4226018,2.9,2.7
Colorado,2000,84,4301261,2,1.9
Colorado,2001,98,4425687,2.2,2.1
Colorado,2002,116,4490406,2.6,2.5
Colorado,2003,117,4528732,2.6,2.5
Colorado,2004,131,4575013,2.9,2.8
Colorado,2005,115,4631888,2.5,2.4
Colorado,2006,104,4720423,2.2,2.1
Colorado,2007,91,4803868,1.9,1.9
Colorado,2008,109,4889730,2.2,2.2
Colorado,2009,108,4972195,2.2,2.2
Colorado,2010,97,5029196,1.9,1.9
Colorado,2011,101,5116796,2,2
Colorado,2012,115,5187582,2.2,2.2
Colorado,2013,106,5268367,2,2
Colorado,2014,102,5355866,1.9,1.9
Colorado,2015,137,5456574,2.5,2.5
Colorado,2016,161,5540545,2.9,2.9
Colorado,2017,160,5607154,2.9,2.8
Colorado,2018,188,5695564,3.3,3.3
Colorado,2019,164,5758736,2.8,2.9
Colorado,2020,235,5807719,4,4.1
Connecticut,1999,84,3386401,2.5,2.6
Connecticut,2000,61,3405565,1.8,1.9
Connecticut,2001,72,3432835,2.1,2.2
Connecticut,2002,57,3458749,1.6,1.8
Connecticut,2003,56,3484336,1.6,1.7
Connecticut,2004,64,3496094,1.8,2
Connecticut,2005,66,3506956,1.9,2
Connecticut,2006,92,3517460,2.6,2.8
Connecticut,2007,67,3527270,1.9,2
Connecticut,2008,87,3545579,2.5,2.6
Connecticut,2009,78,3561807,2.2,2.4
Connecticut,2010,98,3574097,2.7,2.9
Connecticut,2011,96,3580709,2.7,2.9
Connecticut,2012,114,3590347,3.2,3.4
Connecticut,2013,66,3596080,1.8,1.9
Connecticut,2014,58,3596677,1.6,1.7
Connecticut,2015,80,3590886,2.2,2.4
Connecticut,2016,55,3576452,1.5,1.6
Connecticut,2017,73,3588184,2,2.2
Connecticut,2018,54,3572665,1.5,1.7
Connecticut,2019,65,3565287,1.8,2
Connecticut,2020,101,3557006,2.8,3.1
Delaware,1999,18,774990,Unreliable,Unreliable
Delaware,2001,19,795699,Unreliable,Unreliable
Delaware,2002,28,806169,3.5,3.5
Delaware,2003,18,818003,Unreliable,Unreliable
Delaware,2004,27,830803,3.2,3.2
Delaware,2005,33,845150,3.9,4
Delaware,2006,34,859268,4,4.1
Delaware,2007,30,871749,3.4,3.5
Delaware,2008,54,883874,6.1,6.3
Delaware,2009,36,891730,4,4.2
Delaware,2010,45,897934,5,5.2
Delaware,2011,31,907135,3.4,3.5
Delaware,2012,46,917092,5,5.2
Delaware,2013,38,925749,4.1,4.3
Delaware,2014,38,935614,4.1,4.5
Delaware,2015,53,945934,5.6,6.1
Delaware,2016,44,952065,4.6,5
Delaware,2017,57,961939,5.9,6.3
Delaware,2018,46,967171,4.8,5.5
Delaware,2019,45,973764,4.6,5.2
Delaware,2020,76,986809,7.7,8.7
District of Columbia,1999,145,570213,25.4,22.6
District of Columbia,2000,138,572059,24.1,21.1
District of Columbia,2001,141,574504,24.5,21.5
District of Columbia,2002,176,573158,30.7,27.2
District of Columbia,2003,156,568502,27.4,24.3
District of Columbia,2004,137,567754,24.1,21.5
District of Columbia,2005,142,567136,25,21.9
District of Columbia,2006,120,570681,21,18
District of Columbia,2007,129,574404,22.5,19.2
District of Columbia,2008,122,580236,21,17.8
District of Columbia,2009,104,592228,17.6,14.9
District of Columbia,2010,84,601723,14,11.7
District of Columbia,2011,77,617996,12.5,10.4
District of Columbia,2012,55,632323,8.7,7.3
District of Columbia,2013,61,646449,9.4,7.6
District of Columbia,2014,67,658893,10.2,9.1
District of Columbia,2015,105,672228,15.6,13.2
District of Columbia,2016,98,681170,14.4,12.8
District of Columbia,2017,90,693972,13,11.6
District of Columbia,2018,116,702455,16.5,15.6
District of Columbia,2019,128,705749,18.1,16.5
District of Columbia,2020,157,712816,22,20.4
Florida,1999,545,15759421,3.5,3.6
Florida,2000,467,15982378,2.9,3
Florida,2001,573,16356966,3.5,3.6
Florida,2002,635,16689370,3.8,4
Florida,2003,660,17004085,3.9,4.1
Florida,2004,647,17415318,3.7,3.9
Florida,2005,631,17842038,3.5,3.8
Florida,2006,803,18166990,4.4,4.6
Florida,2007,935,18367842,5.1,5.4
Florida,2008,886,18527305,4.8,5.1
Florida,2009,804,18652644,4.3,4.6
Florida,2010,767,18801310,4.1,4.3
Florida,2011,817,19057542,4.3,4.6
Florida,2012,862,19317568,4.5,4.7
Florida,2013,816,19552860,4.2,4.5
Florida,2014,818,19893297,4.1,4.5
Florida,2015,880,20271272,4.3,4.7
Florida,2016,992,20612439,4.8,5.3
Florida,2017,947,20984400,4.5,4.9
Florida,2018,977,21299325,4.6,5
Florida,2019,1013,21477737,4.7,5.2
Florida,2020,1227,21733312,5.6,6.3
Georgia,1999,438,8045965,5.4,5.1
Georgia,2000,442,8186453,5.4,5.1
Georgia,2001,454,8377038,5.4,5.2
Georgia,2002,477,8508256,5.6,5.3
Georgia,2003,493,8622793,5.7,5.5
Georgia,2004,419,8769252,4.8,4.6
Georgia,2005,439,8925922,4.9,4.8
Georgia,2006,495,9155813,5.4,5.3
Georgia,2007,557,9349988,6,5.8
Georgia,2008,515,9504843,5.4,5.4
Georgia,2009,456,9620846,4.7,4.7
Georgia,2010,443,9687653,4.6,4.5
Georgia,2011,439,9815210,4.5,4.5
Georgia,2012,481,9919945,4.8,4.8
Georgia,2013,472,9992167,4.7,4.8
Georgia,2014,506,10097343,5,5
Georgia,2015,584,10214860,5.7,5.8
Georgia,2016,653,10310371,6.3,6.4
Georgia,2017,666,10429379,6.4,6.5
Georgia,2018,644,10519475,6.1,6.2
Georgia,2019,691,10617423,6.5,6.7
Georgia,2020,899,10710017,8.4,8.6
Hawaii,1999,19,1210300,Unreliable,Unreliable
Hawaii,2002,15,1239613,Unreliable,Unreliable
Hawaii,2003,10,1251154,Unreliable,Unreliable
Hawaii,2008,11,1332213,Unreliable,Unreliable
Hawaii,2009,10,1346717,Unreliable,Unreliable
Hawaii,2016,22,1428557,1.5,1.6
Hawaii,2018,20,1420491,1.4,1.6
Hawaii,2019,14,1415872,Unreliable,Unreliable
Hawaii,2020,16,1407006,Unreliable,Unreliable
Idaho,1999,16,1275674,Unreliable,Unreliable
Idaho,2000,14,1293953,Unreliable,Unreliable
Idaho,2001,25,1319962,1.9,1.9
Idaho,2002,15,1340372,Unreliable,Unreliable
Idaho,2003,19,1363380,Unreliable,Unreliable
Idaho,2004,16,1391802,Unreliable,Unreliable
Idaho,2005,28,1428241,2,2
Idaho,2006,24,1468669,1.6,1.7
Idaho,2007,29,1505105,1.9,2
Idaho,2008,13,1534320,Unreliable,Unreliable
Idaho,2009,10,1554439,Unreliable,Unreliable
Idaho,2010,12,1567582,Unreliable,Unreliable
Idaho,2011,16,1584985,Unreliable,Unreliable
Idaho,2012,18,1595728,Unreliable,Unreliable
Idaho,2013,14,1612136,Unreliable,Unreliable
Idaho,2014,21,1634464,1.3,1.4
Idaho,2015,22,1654930,1.3,1.3
Idaho,2016,15,1683140,Unreliable,Unreliable
Idaho,2017,27,1716943,1.6,1.7
Idaho,2018,31,1754208,1.8,1.8
Idaho,2019,18,1787065,Unreliable,Unreliable
Idaho,2020,26,1826913,1.4,1.6
Illinois,1999,689,12359020,5.6,5.5
Illinois,2000,674,12419293,5.4,5.3
Illinois,2001,747,12488445,6,5.8
Illinois,2002,728,12525556,5.8,5.7
Illinois,2003,696,12556006,5.5,5.4
Illinois,2004,573,12589773,4.6,4.5
Illinois,2005,569,12609903,4.5,4.5
Illinois,2006,625,12643955,4.9,4.9
Illinois,2007,575,12695866,4.5,4.5
Illinois,2008,631,12747038,5,4.9
Illinois,2009,628,12796778,4.9,4.9
Illinois,2010,577,12830632,4.5,4.5
Illinois,2011,610,12869257,4.7,4.8
Illinois,2012,645,12875255,5,5.1
Illinois,2013,576,12882135,4.5,4.6
Illinois,2014,614,12880580,4.8,4.9
Illinois,2015,692,12859995,5.4,5.5
Illinois,2016,944,12801539,7.4,7.6
Illinois,2017,934,12802023,7.3,7.6
Illinois,2018,784,12741080,6.2,6.4
Illinois,2019,791,12671821,6.2,6.6
Illinois,2020,1167,12587530,9.3,9.7
Indiana,1999,271,6044969,4.5,4.4
Indiana,2000,218,6080485,3.6,3.5
Indiana,2001,290,6127760,4.7,4.7
Indiana,2002,242,6155967,3.9,3.9
Indiana,2003,247,6196638,4,4
Indiana,2004,224,6233007,3.6,3.6
Indiana,2005,257,6278616,4.1,4.1
Indiana,2006,264,6332669,4.2,4.2
Indiana,2007,251,6379599,3.9,4
Indiana,2008,235,6424806,3.7,3.8
Indiana,2009,245,6459325,3.8,3.9
Indiana,2010,223,6483802,3.4,3.5
Indiana,2011,202,6516922,3.1,3.2
Indiana,2012,251,6537334,3.8,4
Indiana,2013,298,6570902,4.5,4.7
Indiana,2014,259,6596855,3.9,4
Indiana,2015,294,6619680,4.4,4.6
Indiana,2016,368,6633053,5.5,5.8
Indiana,2017,371,6666818,5.6,5.9
Indiana,2018,364,6691878,5.4,5.8
Indiana,2019,355,6732219,5.3,5.5
Indiana,2020,496,6754953,7.3,7.8
Iowa,1999,28,2917634,1,1
Iowa,2000,25,2926324,0.9,0.9
Iowa,2001,24,2931997,0.8,0.8
Iowa,2002,30,2934234,1,1
Iowa,2003,24,2941999,0.8,0.9
Iowa,2004,30,2953635,1,1
Iowa,2005,23,2964454,0.8,0.8
Iowa,2006,38,2982644,1.3,1.3
Iowa,2007,18,2999212,Unreliable,Unreliable
Iowa,2008,34,3016734,1.1,1.2
Iowa,2009,19,3032870,Unreliable,Unreliable
Iowa,2010,34,3046355,1.1,1.2
Iowa,2011,31,3062309,1,1.1
Iowa,2012,33,3074186,1.1,1.1
Iowa,2013,24,3090416,0.8,0.9
Iowa,2014,36,3107126,1.2,1.1
Iowa,2015,47,3123899,1.5,1.7
Iowa,2016,49,3134693,1.6,1.6
Iowa,2017,64,3145711,2,2.1
Iowa,2018,37,3156145,1.2,1.3
Iowa,2019,49,3155070,1.6,1.7
Iowa,2020,83,3163561,2.6,2.9
Kansas,1999,88,2678338,3.3,3.3
Kansas,2000,101,2688418,3.8,3.8
Kansas,2001,91,2702162,3.4,3.4
Kansas,2002,74,2713535,2.7,2.7
Kansas,2003,78,2723004,2.9,2.9
Kansas,2004,85,2734373,3.1,3.1
Kansas,2005,61,2745299,2.2,2.2
Kansas,2006,73,2762931,2.6,2.7
Kansas,2007,71,2783785,2.6,2.6
Kansas,2008,77,2808076,2.7,2.8
Kansas,2009,92,2832704,3.2,3.4
Kansas,2010,68,2853118,2.4,2.5
Kansas,2011,81,2871238,2.8,2.9
Kansas,2012,67,2885905,2.3,2.4
Kansas,2013,79,2893957,2.7,2.8
Kansas,2014,73,2904021,2.5,2.5
Kansas,2015,95,2911641,3.3,3.4
Kansas,2016,113,2907289,3.9,4.2
Kansas,2017,137,2913123,4.7,4.9
Kansas,2018,123,2911505,4.2,4.6
Kansas,2019,99,2913314,3.4,3.5
Kansas,2020,160,2913805,5.5,5.8
Kentucky,1999,142,4018053,3.5,3.4
Kentucky,2000,133,4041769,3.3,3.2
Kentucky,2001,138,4068132,3.4,3.4
Kentucky,2002,127,4089875,3.1,3.1
Kentucky,2003,115,4117170,2.8,2.8
Kentucky,2004,152,4146101,3.7,3.7
Kentucky,2005,152,4182742,3.6,3.7
Kentucky,2006,111,4219239,2.6,2.7
Kentucky,2007,152,4256672,3.6,3.5
Kentucky,2008,160,4289878,3.7,3.9
Kentucky,2009,133,4317074,3.1,3.1
Kentucky,2010,125,4339367,2.9,3
Kentucky,2011,133,4369356,3,3
Kentucky,2012,159,4380415,3.6,3.8
Kentucky,2013,138,4395295,3.1,3.2
Kentucky,2014,138,4413457,3.1,3.2
Kentucky,2015,174,4425092,3.9,4
Kentucky,2016,234,4436974,5.3,5.7
Kentucky,2017,228,4454189,5.1,5.4
Kentucky,2018,207,4468402,4.6,5
Kentucky,2019,201,4467673,4.5,4.8
Kentucky,2020,341,4477251,7.6,8.1
Louisiana,1999,342,4460811,7.7,7.5
Louisiana,2000,427,4468976,9.6,9.3
Louisiana,2001,400,4477875,8.9,8.8
Louisiana,2002,467,4497267,10.4,10.2
Louisiana,2003,473,4521042,10.5,10.4
Louisiana,2004,480,4552238,10.5,10.3
Louisiana,2005,457,4576628,10,9.8
Louisiana,2006,443,4302665,10.3,10.1
Louisiana,2007,488,4375581,11.2,11.2
Louisiana,2008,430,4435586,9.7,9.7
Louisiana,2009,449,4491648,10,10.1
Louisiana,2010,432,4533372,9.5,9.6
Louisiana,2011,431,4574836,9.4,9.5
Louisiana,2012,428,4601893,9.3,9.4
Louisiana,2013,446,4625470,9.6,9.9
Louisiana,2014,421,4649676,9.1,9.2
Louisiana,2015,456,4670724,9.8,10
Louisiana,2016,526,4681666,11.2,11.7
Louisiana,2017,534,4684333,11.4,11.9
Louisiana,2018,497,4659978,10.7,11.2
Louisiana,2019,542,4648794,11.7,12.4
Louisiana,2020,747,4645318,16.1,17.1
Maine,1999,15,1266808,Unreliable,Unreliable
Maine,2000,11,1274923,Unreliable,Unreliable
Maine,2004,11,1313688,Unreliable,Unreliable
Maine,2006,15,1323619,Unreliable,Unreliable
Maine,2007,15,1327040,Unreliable,Unreliable
Maine,2008,12,1330509,Unreliable,Unreliable
Maine,2009,15,1329590,Unreliable,Unreliable
Maine,2010,13,1328361,Unreliable,Unreliable
Maine,2011,15,1328188,Unreliable,Unreliable
Maine,2012,15,1329192,Unreliable,Unreliable
Maine,2013,13,1328302,Unreliable,Unreliable
Maine,2014,10,1330089,Unreliable,Unreliable
Maine,2015,14,1329328,Unreliable,Unreliable
Maine,2017,10,1335907,Unreliable,Unreliable
Maine,2019,13,1344212,Unreliable,Unreliable
Maine,2020,15,1350141,Unreliable,Unreliable
Maryland,1999,396,5254509,7.5,7.7
Maryland,2000,353,5296486,6.7,6.8
Maryland,2001,363,5374691,6.8,6.9
Maryland,2002,365,5440389,6.7,6.9
Maryland,2003,394,5496269,7.2,7.3
Maryland,2004,386,5546935,7,7.1
Maryland,2005,422,5592379,7.5,7.7
Maryland,2006,416,5627367,7.4,7.5
Maryland,2007,424,5653408,7.5,7.7
Maryland,2008,379,5684965,6.7,6.8
Maryland,2009,316,5730388,5.5,5.6
Maryland,2010,306,5773552,5.3,5.4
Maryland,2011,276,5828289,4.7,4.8
Maryland,2012,294,5884563,5,5.1
Maryland,2013,299,5928814,5,5.2
Maryland,2014,249,5976407,4.2,4.3
Maryland,2015,445,6006401,7.4,7.8
Maryland,2016,436,6016447,7.2,7.6
Maryland,2017,454,6052177,7.5,7.9
Maryland,2018,426,6042718,7,7.4
Maryland,2019,468,6045680,7.7,8.2
Maryland,2020,526,6055802,8.7,9.3
Massachusetts,1999,71,6317345,1.1,1.1
Massachusetts,2000,67,6349097,1.1,1.1
Massachusetts,2001,80,6397634,1.3,1.3
Massachusetts,2002,94,6417206,1.5,1.5
Massachusetts,2003,78,6422565,1.2,1.2
Massachusetts,2004,106,6412281,1.7,1.7
Massachusetts,2005,108,6403290,1.7,1.7
Massachusetts,2006,105,6410084,1.6,1.7
Massachusetts,2007,115,6431559,1.8,1.8
Massachusetts,2008,98,6468967,1.5,1.5
Massachusetts,2009,110,6517613,1.7,1.7
Massachusetts,2010,126,6547629,1.9,2
Massachusetts,2011,128,6587536,1.9,2
Massachusetts,2012,73,6646144,1.1,1.1
Massachusetts,2013,84,6692824,1.3,1.3
Massachusetts,2014,90,6745408,1.3,1.3
Massachusetts,2015,86,6794422,1.3,1.3
Massachusetts,2016,89,6811779,1.3,1.3
Massachusetts,2017,103,6859819,1.5,1.6
Massachusetts,2018,104,6902149,1.5,1.5
Massachusetts,2019,95,6892503,1.4,1.4
Massachusetts,2020,130,6893574,1.9,1.9
Michigan,1999,516,9897116,5.2,5.2
Michigan,2000,504,9938444,5.1,5.1
Michigan,2001,499,9991120,5,5
Michigan,2002,489,10015710,4.9,4.9
Michigan,2003,477,10041152,4.8,4.8
Michigan,2004,488,10055315,4.9,5
Michigan,2005,491,10051137,4.9,5
Michigan,2006,536,10036081,5.3,5.5
Michigan,2007,506,10001284,5.1,5.3
Michigan,2008,489,9946889,4.9,5.1
Michigan,2009,495,9901591,5,5.2
Michigan,2010,440,9883640,4.5,4.7
Michigan,2011,511,9876187,5.2,5.5
Michigan,2012,579,9883360,5.9,6.1
Michigan,2013,493,9895622,5,5.3
Michigan,2014,411,9909877,4.1,4.4
Michigan,2015,436,9922576,4.4,4.8
Michigan,2016,482,9928300,4.9,5.2
Michigan,2017,438,9962311,4.4,4.7
Michigan,2018,479,9995915,4.8,5.1
Michigan,2019,458,9986857,4.6,5
Michigan,2020,672,9966555,6.7,7.3
Minnesota,1999,54,4873481,1.1,1.1
Minnesota,2000,77,4919479,1.6,1.6
Minnesota,2001,68,4982796,1.4,1.3
Minnesota,2002,55,5018935,1.1,1.1
Minnesota,2003,75,5053572,1.5,1.5
Minnesota,2004,85,5087713,1.7,1.7
Minnesota,2005,88,5119598,1.7,1.7
Minnesota,2006,78,5163555,1.5,1.5
Minnesota,2007,70,5207203,1.3,1.3
Minnesota,2008,71,5247018,1.4,1.3
Minnesota,2009,46,5281203,0.9,0.9
Minnesota,2010,65,5303925,1.2,1.2
Minnesota,2011,59,5344861,1.1,1.1
Minnesota,2012,61,5379139,1.1,1.1
Minnesota,2013,76,5420380,1.4,1.4
Minnesota,2014,59,5457173,1.1,1.1
Minnesota,2015,92,5489594,1.7,1.8
Minnesota,2016,83,5519952,1.5,1.6
Minnesota,2017,78,5576606,1.4,1.5
Minnesota,2018,66,5611179,1.2,1.3
Minnesota,2019,102,5639632,1.8,1.9
Minnesota,2020,138,5657342,2.4,2.5
Mississippi,1999,214,2828408,7.6,7.4
Mississippi,2000,214,2844658,7.5,7.5
Mississippi,2001,224,2852994,7.9,7.8
Mississippi,2002,208,2858681,7.3,7.3
Mississippi,2003,201,2868312,7,7.1
Mississippi,2004,202,2889010,7,7.1
Mississippi,2005,175,2905943,6,6.2
Mississippi,2006,222,2904978,7.6,7.8
Mississippi,2007,219,2928350,7.5,7.6
Mississippi,2008,245,2947806,8.3,8.4
Mississippi,2009,197,2958774,6.7,6.8
Mississippi,2010,205,2967297,6.9,7.1
Mississippi,2011,221,2978512,7.4,7.7
Mississippi,2012,216,2984926,7.2,7.6
Mississippi,2013,215,2991207,7.2,7.5
Mississippi,2014,259,2994079,8.7,9
Mississippi,2015,264,2992333,8.8,9.2
Mississippi,2016,282,2988726,9.4,9.9
Mississippi,2017,295,2984100,9.9,10.4
Mississippi,2018,320,2986530,10.7,11.4
Mississippi,2019,366,2976149,12.3,13.1
Mississippi,2020,499,2966786,16.8,17.9
Missouri,1999,244,5561948,4.4,4.4
Missouri,2000,273,5595211,4.9,4.9
Missouri,2001,275,5641142,4.9,4.9
Missouri,2002,253,5674825,4.5,4.5
Missouri,2003,219,5709403,3.8,3.9
Missouri,2004,257,5747741,4.5,4.5
Missouri,2005,293,5790300,5.1,5.1
Missouri,2006,295,5842704,5,5.1
Missouri,2007,265,5887612,4.5,4.6
Missouri,2008,360,5923916,6.1,6.2
Missouri,2009,319,5961088,5.4,5.5
Missouri,2010,335,5988927,5.6,5.8
Missouri,2011,303,6010688,5,5.2
Missouri,2012,311,6021988,5.2,5.4
Missouri,2013,293,6044171,4.8,5.1
Missouri,2014,327,6063589,5.4,5.7
Missouri,2015,459,6083672,7.5,8
Missouri,2016,464,6093000,7.6,8.2
Missouri,2017,564,6113532,9.2,9.8
Missouri,2018,556,6126452,9.1,9.8
Missouri,2019,537,6137428,8.7,9.3
Missouri,2020,683,6151548,11.1,12
Montana,1999,17,897507,Unreliable,Unreliable
Montana,2000,17,902195,Unreliable,Unreliable
Montana,2001,20,906961,2.2,2.2
Montana,2003,20,919630,2.2,2.4
Montana,2004,12,930009,Unreliable,Unreliable
Montana,2005,17,940102,Unreliable,Unreliable
Montana,2006,11,952692,Unreliable,Unreliable
Montana,2007,15,964706,Unreliable,Unreliable
Montana,2008,16,976415,Unreliable,Unreliable
Montana,2009,21,983982,2.1,2.4
Montana,2010,17,989415,Unreliable,Unreliable
Montana,2011,11,998199,Unreliable,Unreliable
Montana,2012,10,1005141,Unreliable,Unreliable
Montana,2013,14,1015165,Unreliable,Unreliable
Montana,2014,14,1023579,Unreliable,Unreliable
Montana,2015,20,1032949,1.9,2.2
Montana,2016,18,1042520,Unreliable,Unreliable
Montana,2017,21,1050493,2,2.1
Montana,2018,20,1062305,1.9,2
Montana,2019,24,1068778,2.2,2.3
Montana,2020,33,1080577,3.1,3.5
Nebraska,1999,29,1704764,1.7,1.7
Nebraska,2000,41,1711263,2.4,2.4
Nebraska,2001,21,1719836,1.2,1.2
Nebraska,2002,27,1728292,1.6,1.6
Nebraska,2003,31,1738643,1.8,1.8
Nebraska,2004,24,1749370,1.4,1.4
Nebraska,2005,28,1761497,1.6,1.6
Nebraska,2006,31,1772693,1.7,1.7
Nebraska,2007,43,1783440,2.4,2.5
Nebraska,2008,49,1796378,2.7,2.7
Nebraska,2009,31,1812683,1.7,1.8
Nebraska,2010,41,1826341,2.2,2.4
Nebraska,2011,41,1842641,2.2,2.4
Nebraska,2012,46,1855525,2.5,2.6
Nebraska,2013,51,1868516,2.7,2.8
Nebraska,2014,39,1881503,2.1,2.1
Nebraska,2015,50,1896190,2.6,2.7
Nebraska,2016,45,1907116,2.4,2.5
Nebraska,2017,29,1920076,1.5,1.6
Nebraska,2018,25,1929268,1.3,1.4
Nebraska,2019,40,1934408,2.1,2.1
Nebraska,2020,49,1937552,2.5,2.6
Nevada,1999,100,1934718,5.2,5.2
Nevada,2000,89,1998257,4.5,4.4
Nevada,2001,109,2098399,5.2,5.2
Nevada,2002,114,2173791,5.2,5.3
Nevada,2003,114,2248850,5.1,5
Nevada,2004,123,2346222,5.2,5.1
Nevada,2005,115,2432143,4.7,4.7
Nevada,2006,131,2522658,5.2,5.3
Nevada,2007,131,2601072,5,5.1
Nevada,2008,100,2653630,3.8,3.8
Nevada,2009,97,2684665,3.6,3.7
Nevada,2010,90,2700551,3.3,3.3
Nevada,2011,84,2723322,3.1,3.2
Nevada,2012,77,2758931,2.8,2.8
Nevada,2013,88,2790136,3.2,3.2
Nevada,2014,106,2839099,3.7,3.8
Nevada,2015,128,2890845,4.4,4.5
Nevada,2016,149,2940058,5.1,5.3
Nevada,2017,153,2998039,5.1,5.4
Nevada,2018,158,3034392,5.2,5.5
Nevada,2019,118,3080156,3.8,4
Nevada,2020,148,3138259,4.7,5
New Hampshire,2004,11,1290121,Unreliable,Unreliable
New Hampshire,2006,12,1308389,Unreliable,Unreliable
New Hampshire,2011,10,1318194,Unreliable,Unreliable
New Hampshire,2012,13,1320718,Unreliable,Unreliable
New Hampshire,2015,12,1330608,Unreliable,Unreliable
New Hampshire,2018,13,1356458,Unreliable,Unreliable
New Hampshire,2019,20,1359711,1.5,1.5
New Jersey,1999,153,8359592,1.8,1.9
New Jersey,2000,172,8414350,2,2.1
New Jersey,2001,185,8492671,2.2,2.3
New Jersey,2002,208,8552643,2.4,2.5
New Jersey,2003,257,8601402,3,3.1
New Jersey,2004,253,8634561,2.9,3.1
New Jersey,2005,288,8651974,3.3,3.5
New Jersey,2006,301,8661679,3.5,3.7
New Jersey,2007,276,8677885,3.2,3.4
New Jersey,2008,244,8711090,2.8,3
New Jersey,2009,229,8755602,2.6,2.8
New Jersey,2010,260,8791894,3,3.1
New Jersey,2011,288,8821155,3.3,3.5
New Jersey,2012,276,8864590,3.1,3.3
New Jersey,2013,298,8899339,3.3,3.5
New Jersey,2014,265,8938175,3,3.2
New Jersey,2015,273,8958013,3,3.2
New Jersey,2016,297,8944469,3.3,3.6
New Jersey,2017,261,9005644,2.9,3.1
New Jersey,2018,218,8908520,2.4,2.7
New Jersey,2019,193,8882190,2.2,2.4
New Jersey,2020,253,8882371,2.8,3.1
New Mexico,1999,91,1808082,5,5
New Mexico,2000,99,1819046,5.4,5.3
New Mexico,2001,67,1831690,3.7,3.6
New Mexico,2002,81,1855309,4.4,4.3
New Mexico,2003,87,1877574,4.6,4.6
New Mexico,2004,81,1903808,4.3,4.3
New Mexico,2005,77,1932274,4,4.1
New Mexico,2006,73,1962137,3.7,3.8
New Mexico,2007,78,1990070,3.9,4.1
New Mexico,2008,86,2010662,4.3,4.5
New Mexico,2009,92,2036802,4.5,4.6
New Mexico,2010,76,2059179,3.7,3.9
New Mexico,2011,73,2082224,3.5,3.7
New Mexico,2012,80,2085538,3.8,3.9
New Mexico,2013,82,2085287,3.9,4.1
New Mexico,2014,76,2085572,3.6,3.8
New Mexico,2015,91,2085109,4.4,4.8
New Mexico,2016,113,2081015,5.4,5.8
New Mexico,2017,101,2088070,4.8,5.1
New Mexico,2018,136,2095428,6.5,6.9
New Mexico,2019,158,2096829,7.5,8.2
New Mexico,2020,149,2106319,7.1,7.5
New York,1999,540,18882725,2.9,2.9
New York,2000,602,18976457,3.2,3.2
New York,2001,583,19082838,3.1,3.1
New York,2002,549,19137800,2.9,2.9
New York,2003,589,19175939,3.1,3.1
New York,2004,516,19171567,2.7,2.7
New York,2005,515,19132610,2.7,2.7
New York,2006,570,19104631,3,3
New York,2007,522,19132335,2.7,2.7
New York,2008,508,19212436,2.6,2.6
New York,2009,505,19307066,2.6,2.6
New York,2010,527,19378102,2.7,2.7
New York,2011,466,19465197,2.4,2.4
New York,2012,436,19570261,2.2,2.2
New York,2013,380,19651127,1.9,2
New York,2014,372,19746227,1.9,1.9
New York,2015,408,19795791,2.1,2.1
New York,2016,390,19745289,2,2
New York,2017,312,19849399,1.6,1.6
New York,2018,356,19542209,1.8,1.9
New York,2019,326,19453561,1.7,1.7
New York,2020,561,19336776,2.9,3
North Carolina,1999,459,7949361,5.8,5.6
North Carolina,2000,458,8049313,5.7,5.5
North Carolina,2001,418,8210122,5.1,5
North Carolina,2002,467,8326201,5.6,5.5
North Carolina,2003,396,8422501,4.7,4.6
North Carolina,2004,411,8553152,4.8,4.8
North Carolina,2005,451,8705407,5.2,5.2
North Carolina,2006,439,8917270,4.9,5
North Carolina,2007,458,9118037,5,5.1
North Carolina,2008,467,9309449,5,5.1
North Carolina,2009,407,9449566,4.3,4.4
North Carolina,2010,376,9535483,3.9,4
North Carolina,2011,380,9656401,3.9,4
North Carolina,2012,422,9752073,4.3,4.4
North Carolina,2013,412,9848060,4.2,4.3
North Carolina,2014,391,9943964,3.9,4
North Carolina,2015,438,10042802,4.4,4.6
North Carolina,2016,558,10146788,5.5,5.7
North Carolina,2017,522,10273419,5.1,5.3
North Carolina,2018,489,10383620,4.7,4.9
North Carolina,2019,541,10488084,5.2,5.4
North Carolina,2020,744,10600823,7,7.3
North Dakota,2003,12,638817,Unreliable,Unreliable
North Dakota,2015,11,756927,Unreliable,Unreliable
North Dakota,2016,10,757952,Unreliable,Unreliable
North Dakota,2018,13,760077,Unreliable,Unreliable
North Dakota,2019,10,762062,Unreliable,Unreliable
North Dakota,2020,17,765309,Unreliable,Unreliable
Ohio,1999,256,11335454,2.3,2.3
Ohio,2000,253,11353140,2.2,2.2
Ohio,2001,316,11387404,2.8,2.8
Ohio,2002,353,11407889,3.1,3.2
Ohio,2003,321,11434788,2.8,2.9
Ohio,2004,340,11452251,3,3.1
Ohio,2005,408,11463320,3.6,3.7
Ohio,2006,451,11481213,3.9,4.1
Ohio,2007,413,11500468,3.6,3.8
Ohio,2008,402,11515391,3.5,3.7
Ohio,2009,366,11528896,3.2,3.3
Ohio,2010,396,11536504,3.4,3.6
Ohio,2011,453,11544951,3.9,4.1
Ohio,2012,437,11544225,3.8,4
Ohio,2013,447,11570808,3.9,4.1
Ohio,2014,422,11594163,3.6,3.8
Ohio,2015,484,11613423,4.2,4.4
Ohio,2016,557,11614373,4.8,5.1
Ohio,2017,621,11658609,5.3,5.7
Ohio,2018,548,11689442,4.7,5
Ohio,2019,565,11689100,4.8,5.2
Ohio,2020,824,11693217,7,7.6
Oklahoma,1999,150,3437147,4.4,4.3
Oklahoma,2000,115,3450654,3.3,3.4
Oklahoma,2001,126,3467100,3.6,3.6
Oklahoma,2002,113,3489080,3.2,3.2
Oklahoma,2003,139,3504892,4,4
Oklahoma,2004,124,3525233,3.5,3.6
Oklahoma,2005,136,3548597,3.8,3.9
Oklahoma,2006,152,3594090,4.2,4.3
Oklahoma,2007,151,3634349,4.2,4.2
Oklahoma,2008,147,3668976,4,4.2
Oklahoma,2009,148,3717572,4,4.1
Oklahoma,2010,131,3751351,3.5,3.6
Oklahoma,2011,166,3791508,4.4,4.5
Oklahoma,2012,188,3814820,4.9,5.1
Oklahoma,2013,178,3850568,4.6,4.9
Oklahoma,2014,157,3878051,4,4.2
Oklahoma,2015,221,3911338,5.7,5.9
Oklahoma,2016,238,3923561,6.1,6.4
Oklahoma,2017,228,3930864,5.8,6.2
Oklahoma,2018,185,3943079,4.7,4.9
Oklahoma,2019,246,3956971,6.2,6.6
Oklahoma,2020,269,3980783,6.8,7.1
Oregon,1999,60,3393941,1.8,1.7
Oregon,2000,62,3421399,1.8,1.8
Oregon,2001,47,3467937,1.4,1.3
Oregon,2002,64,3513424,1.8,1.8
Oregon,2003,52,3547376,1.5,1.4
Oregon,2004,65,3569463,1.8,1.8
Oregon,2005,54,3613202,1.5,1.5
Oregon,2006,63,3670883,1.7,1.7
Oregon,2007,43,3722417,1.2,1.1
Oregon,2008,49,3768748,1.3,1.3
Oregon,2009,55,3808600,1.4,1.4
Oregon,2010,60,3831074,1.6,1.6
Oregon,2011,62,3871859,1.6,1.6
Oregon,2012,53,3899353,1.4,1.3
Oregon,2013,54,3930065,1.4,1.4
Oregon,2014,53,3970239,1.3,1.3
Oregon,2015,94,4028977,2.3,2.4
Oregon,2016,78,4093465,1.9,2
Oregon,2017,73,4142776,1.8,1.9
Oregon,2018,67,4190713,1.6,1.7
Oregon,2019,78,4217737,1.8,1.9
Oregon,2020,109,4241507,2.6,2.7
Pennsylvania,1999,428,12263805,3.5,3.7
Pennsylvania,2000,439,12281054,3.6,3.7
Pennsylvania,2001,444,12298970,3.6,3.8
Pennsylvania,2002,456,12331031,3.7,3.9
Pennsylvania,2003,467,12374658,3.8,4
Pennsylvania,2004,504,12410722,4.1,4.3
Pennsylvania,2005,535,12449990,4.3,4.5
Pennsylvania,2006,593,12510809,4.7,4.9
Pennsylvania,2007,554,12563937,4.4,4.7
Pennsylvania,2008,524,12612285,4.2,4.4
Pennsylvania,2009,483,12666858,3.8,4
Pennsylvania,2010,501,12702379,3.9,4.1
Pennsylvania,2011,512,12742886,4,4.2
Pennsylvania,2012,547,12763536,4.3,4.6
Pennsylvania,2013,486,12773801,3.8,4.1
Pennsylvania,2014,466,12787209,3.6,3.9
Pennsylvania,2015,522,12802503,4.1,4.4
Pennsylvania,2016,538,12784227,4.2,4.5
Pennsylvania,2017,602,12805537,4.7,5.1
Pennsylvania,2018,581,12807060,4.5,4.9
Pennsylvania,2019,548,12801989,4.3,4.7
Pennsylvania,2020,788,12783254,6.2,6.7
Rhode Island,1999,21,1040402,2,2
Rhode Island,2000,27,1048319,2.6,2.6
Rhode Island,2001,20,1057142,1.9,1.9
Rhode Island,2002,25,1065995,2.3,2.3
Rhode Island,2003,21,1071342,2,1.9
Rhode Island,2004,18,1074579,Unreliable,Unreliable
Rhode Island,2005,19,1067916,Unreliable,Unreliable
Rhode Island,2006,19,1063096,Unreliable,Unreliable
Rhode Island,2007,13,1057315,Unreliable,Unreliable
Rhode Island,2008,19,1055003,Unreliable,Unreliable
Rhode Island,2009,14,1053646,Unreliable,Unreliable
Rhode Island,2010,17,1052567,Unreliable,Unreliable
Rhode Island,2011,12,1051302,Unreliable,Unreliable
Rhode Island,2012,15,1050292,Unreliable,Unreliable
Rhode Island,2013,18,1051511,Unreliable,Unreliable
Rhode Island,2014,13,1055173,Unreliable,Unreliable
Rhode Island,2015,10,1056298,Unreliable,Unreliable
Rhode Island,2016,13,1056426,Unreliable,Unreliable
Rhode Island,2017,10,1059639,Unreliable,Unreliable
Rhode Island,2018,13,1057315,Unreliable,Unreliable
Rhode Island,2019,12,1059361,Unreliable,Unreliable
Rhode Island,2020,22,1057125,2.1,2.2
South Carolina,1999,223,3974682,5.6,5.5
South Carolina,2000,169,4012012,4.2,4.2
South Carolina,2001,228,4064995,5.6,5.6
South Carolina,2002,227,4107795,5.5,5.5
South Carolina,2003,236,4150297,5.7,5.6
South Carolina,2004,220,4210921,5.2,5.3
South Carolina,2005,235,4270150,5.5,5.6
South Carolina,2006,274,4357847,6.3,6.3
South Carolina,2007,255,4444110,5.7,5.7
South Carolina,2008,249,4528996,5.5,5.6
South Carolina,2009,235,4589872,5.1,5.2
South Carolina,2010,229,4625364,5,5.1
South Carolina,2011,253,4679230,5.4,5.6
South Carolina,2012,273,4723723,5.8,6
South Carolina,2013,244,4774839,5.1,5.3
South Carolina,2014,266,4832482,5.5,5.7
South Carolina,2015,360,4896146,7.4,7.6
South Carolina,2016,335,4961119,6.8,7.1
South Carolina,2017,338,5024369,6.7,7.1
South Carolina,2018,373,5084127,7.3,8
South Carolina,2019,453,5148714,8.8,9.5
South Carolina,2020,528,5218040,10.1,10.9
South Dakota,2008,10,799124,Unreliable,Unreliable
South Dakota,2009,10,807067,Unreliable,Unreliable
South Dakota,2015,15,858469,Unreliable,Unreliable
South Dakota,2016,14,865454,Unreliable,Unreliable
South Dakota,2017,11,869666,Unreliable,Unreliable
South Dakota,2018,16,882235,Unreliable,Unreliable
South Dakota,2019,11,884659,Unreliable,Unreliable
South Dakota,2020,26,892717,2.9,3.3
Tennessee,1999,286,5638706,5.1,5
Tennessee,2000,343,5689283,6,5.9
Tennessee,2001,307,5750789,5.3,5.3
Tennessee,2002,323,5795918,5.6,5.5
Tennessee,2003,299,5847812,5.1,5.1
Tennessee,2004,286,5910809,4.8,4.8
Tennessee,2005,371,5991057,6.2,6.2
Tennessee,2006,330,6088766,5.4,5.5
Tennessee,2007,343,6175727,5.6,5.6
Tennessee,2008,336,6247411,5.4,5.5
Tennessee,2009,347,6306019,5.5,5.6
Tennessee,2010,293,6346105,4.6,4.7
Tennessee,2011,309,6403353,4.8,5
Tennessee,2012,327,6456243,5.1,5.2
Tennessee,2013,309,6495978,4.8,4.9
Tennessee,2014,315,6549352,4.8,5
Tennessee,2015,363,6600299,5.5,5.7
Tennessee,2016,434,6651194,6.5,6.8
Tennessee,2017,467,6715984,7,7.4
Tennessee,2018,504,6770010,7.4,7.8
Tennessee,2019,474,6829174,6.9,7.4
Tennessee,2020,652,6886834,9.5,10
Texas,1999,794,20558220,3.9,3.7
Texas,2000,804,20851820,3.9,3.7
Texas,2001,873,21319622,4.1,3.9
Texas,2002,889,21690325,4.1,3.9
Texas,2003,974,22030931,4.4,4.3
Texas,2004,923,22394023,4.1,4
Texas,2005,1009,22778123,4.4,4.3
Texas,2006,1033,23359580,4.4,4.3
Texas,2007,1029,23831983,4.3,4.2
Texas,2008,1006,24309039,4.1,4.1
Texas,2009,1003,24801761,4,4
Texas,2010,913,25145561,3.6,3.6
Texas,2011,812,25674681,3.2,3.1
Texas,2012,894,26059203,3.4,3.4
Texas,2013,912,26448193,3.4,3.5
Texas,2014,965,26956958,3.6,3.6
Texas,2015,1110,27469114,4,4
Texas,2016,1222,27862596,4.4,4.4
Texas,2017,1254,28304596,4.4,4.4
Texas,2018,1145,28701845,4,4
Texas,2019,1299,28995881,4.5,4.5
Texas,2020,1734,29360759,5.9,6
Utah,1999,30,2203482,1.4,1.3
Utah,2000,16,2233169,Unreliable,Unreliable
Utah,2001,40,2283715,1.8,1.7
Utah,2002,27,2324815,1.2,1.2
Utah,2003,37,2360137,1.6,1.5
Utah,2004,30,2401580,1.2,1.3
Utah,2005,33,2457719,1.3,1.3
Utah,2006,29,2525507,1.1,1.2
Utah,2007,40,2597746,1.5,1.5
Utah,2008,24,2663029,0.9,1
Utah,2009,30,2723421,1.1,1.1
Utah,2010,27,2763885,1,1
Utah,2011,27,2817222,1,1
Utah,2012,28,2855287,1,1
Utah,2013,33,2900872,1.1,1.2
Utah,2014,36,2942902,1.2,1.2
Utah,2015,41,2995919,1.4,1.3
Utah,2016,48,3051217,1.6,1.5
Utah,2017,53,3101833,1.7,1.7
Utah,2018,34,3161105,1.1,1.1
Utah,2019,51,3205958,1.6,1.6
Utah,2020,75,3249879,2.3,2.3
Vermont,2015,11,626042,Unreliable,Unreliable
Vermont,2018,10,626299,Unreliable,Unreliable
Virginia,1999,280,7000174,4,3.9
Virginia,2000,284,7078515,4,3.9
Virginia,2001,275,7198362,3.8,3.7
Virginia,2002,286,7286873,3.9,3.9
Virginia,2003,336,7366977,4.6,4.5
Virginia,2004,295,7475575,3.9,3.9
Virginia,2005,353,7577105,4.7,4.6
Virginia,2006,284,7673725,3.7,3.6
Virginia,2007,308,7751000,4,3.9
Virginia,2008,251,7833496,3.2,3.2
Virginia,2009,272,7925937,3.4,3.4
Virginia,2010,271,8001024,3.4,3.4
Virginia,2011,231,8096604,2.9,2.9
Virginia,2012,224,8185867,2.7,2.7
Virginia,2013,233,8260405,2.8,2.8
Virginia,2014,235,8326289,2.8,2.8
Virginia,2015,276,8382993,3.3,3.3
Virginia,2016,353,8411808,4.2,4.3
Virginia,2017,345,8470020,4.1,4.1
Virginia,2018,334,8517685,3.9,4.1
Virginia,2019,342,8535519,4,4.2
Virginia,2020,440,8590563,5.1,5.3
Washington,1999,108,5842564,1.8,1.8
Washington,2000,112,5894121,1.9,1.9
Washington,2001,106,5985722,1.8,1.7
Washington,2002,110,6052349,1.8,1.8
Washington,2003,111,6104115,1.8,1.8
Washington,2004,122,6178645,2,2
Washington,2005,141,6257305,2.3,2.2
Washington,2006,123,6370753,1.9,1.9
Washington,2007,124,6461587,1.9,1.9
Washington,2008,127,6562231,1.9,1.9
Washington,2009,118,6667426,1.8,1.8
Washington,2010,114,6724540,1.7,1.7
Washington,2011,88,6830038,1.3,1.3
Washington,2012,127,6897012,1.8,1.9
Washington,2013,116,6971406,1.7,1.7
Washington,2014,120,7061530,1.7,1.8
Washington,2015,162,7170351,2.3,2.3
Washington,2016,146,7288000,2,2
Washington,2017,165,7405743,2.2,2.3
Washington,2018,173,7535591,2.3,2.4
Washington,2019,165,7614893,2.2,2.2
Washington,2020,211,7693612,2.7,2.8
West Virginia,1999,62,1811799,3.4,3.5
West Virginia,2000,56,1808344,3.1,3.1
West Virginia,2001,38,1801481,2.1,2.1
West Virginia,2002,66,1805414,3.7,3.8
West Virginia,2003,60,1812295,3.3,3.4
West Virginia,2004,52,1816438,2.9,2.9
West Virginia,2005,57,1820492,3.1,3.3
West Virginia,2006,57,1827912,3.1,3.2
West Virginia,2007,46,1834052,2.5,2.7
West Virginia,2008,37,1840310,2,2.2
West Virginia,2009,57,1847775,3.1,3.2
West Virginia,2010,47,1852994,2.5,2.7
West Virginia,2011,61,1855364,3.3,3.5
West Virginia,2012,66,1855413,3.6,4
West Virginia,2013,43,1854304,2.3,2.4
West Virginia,2014,58,1850326,3.1,3.4
West Virginia,2015,50,1844128,2.7,2.9
West Virginia,2016,78,1831102,4.3,4.6
West Virginia,2017,69,1815857,3.8,4.1
West Virginia,2018,66,1805832,3.7,4.1
West Virginia,2019,76,1792147,4.2,4.9
West Virginia,2020,87,1784787,4.9,5.5
Wisconsin,1999,128,5332666,2.4,2.4
Wisconsin,2000,112,5363675,2.1,2.1
Wisconsin,2001,134,5406835,2.5,2.5
Wisconsin,2002,122,5445162,2.2,2.2
Wisconsin,2003,140,5479203,2.6,2.6
Wisconsin,2004,93,5514026,1.7,1.7
Wisconsin,2005,159,5546166,2.9,2.9
Wisconsin,2006,110,5577655,2,2
Wisconsin,2007,132,5610775,2.4,2.3
Wisconsin,2008,81,5640996,1.4,1.5
Wisconsin,2009,103,5669264,1.8,1.9
Wisconsin,2010,106,5686986,1.9,1.9
Wisconsin,2011,86,5711767,1.5,1.6
Wisconsin,2012,126,5726398,2.2,2.4
Wisconsin,2013,115,5742713,2,2.1
Wisconsin,2014,121,5757564,2.1,2.2
Wisconsin,2015,175,5771337,3,3.2
Wisconsin,2016,188,5778708,3.3,3.5
Wisconsin,2017,159,5795483,2.7,2.9
Wisconsin,2018,153,5813568,2.6,2.9
Wisconsin,2019,153,5822434,2.6,2.8
Wisconsin,2020,253,5832655,4.3,4.6
Wyoming,2005,11,514157,Unreliable,Unreliable
Wyoming,2009,10,559851,Unreliable,Unreliable
Wyoming,2011,12,568158,Unreliable,Unreliable
Wyoming,2015,13,586107,Unreliable,Unreliable
Wyoming,2016,11,585501,Unreliable,Unreliable
Wyoming,2018,13,577737,Unreliable,Unreliable
Wyoming,2019,16,578759,Unreliable,Unreliable
Wyoming,2020,18,582328,Unreliable,Unreliable
