<?xml version="1.0" encoding="UTF-8"?>
<metadata xml:lang="en"><Esri><CreaDate>20201210</CreaDate><CreaTime>15515200</CreaTime><ArcGISFormat>1.0</ArcGISFormat><SyncOnce>TRUE</SyncOnce><DataProperties><lineage><Process ToolSource="c:\program files (x86)\arcgis\desktop10.1\ArcToolbox\Toolboxes\Data Management Tools.tbx\Dissolve" Date="20140318" Time="140219">Dissolve EPneigh C:\AAA_so233\Wade\FinalData\neibrthdth.shp EPneigh.neighbor "birth0012$.births SUM;birth0012$.teen SUM;birth0012$.lbw SUM;dth$.dth5und SUM;dth$.dth5to14 SUM;dth$.dth15to24 SUM;dth$.dth25to34 SUM;dth$.dth35to44 SUM;dth$.dth45to54 SUM;dth$.dth55to64 SUM;dth$.dth65to74 SUM;dth$.dth75to84 SUM;dth$.dth85up SUM;dth$.poptot SUM;dth$.age5under SUM;dth$.age5to14 SUM;dth$.age15to24 SUM;dth$.age25to34 SUM;dth$.age35to44 SUM;dth$.age45to54 SUM;dth$.age55to64 SUM;dth$.age65to74 SUM;dth$.age75to84 SUM;dth$.age85up SUM" MULTI_PART DISSOLVE_LINES</Process><Process ToolSource="c:\program files (x86)\arcgis\desktop10.1\ArcToolbox\Toolboxes\Data Management Tools.tbx\CalculateField" Date="20140318" Time="141656">CalculateField neibrthdth crude5u ([SUM_dth__d]/( [SUM_dth__p]*13))*100000 VB #</Process><Process ToolSource="c:\program files (x86)\arcgis\desktop10.1\ArcToolbox\Toolboxes\Data Management Tools.tbx\CalculateField" Date="20140318" Time="141722">CalculateField neibrthdth crude5to14 ([SUM_dth__1]/( [SUM_dth__p]*13))*100000 VB #</Process><Process ToolSource="c:\program files (x86)\arcgis\desktop10.1\ArcToolbox\Toolboxes\Data Management Tools.tbx\CalculateField" Date="20140318" Time="141825">CalculateField neibrthdth crude5u ([SUM_dth__1]/( [SUM_dth__a]*13))*100000 VB #</Process><Process ToolSource="c:\program files (x86)\arcgis\desktop10.1\ArcToolbox\Toolboxes\Data Management Tools.tbx\CalculateField" Date="20140318" Time="141900">CalculateField neibrthdth crude5u ([SUM_dth__d]/( [SUM_dth__a]*13))*100000 VB #</Process><Process ToolSource="c:\program files (x86)\arcgis\desktop10.1\ArcToolbox\Toolboxes\Data Management Tools.tbx\CalculateField" Date="20140318" Time="141957">CalculateField neibrthdth crude5to14 0 VB #</Process><Process ToolSource="c:\program files (x86)\arcgis\desktop10.1\ArcToolbox\Toolboxes\Data Management Tools.tbx\CalculateField" Date="20140318" Time="142036">CalculateField neibrthdth crude5to14 ([SUM_dth__1]/( [SUM_dth_10]*13))*100000 VB #</Process><Process ToolSource="c:\program files (x86)\arcgis\desktop10.1\ArcToolbox\Toolboxes\Data Management Tools.tbx\CalculateField" Date="20140318" Time="142055">CalculateField neibrthdth cr15to24 ([SUM_dth__2]/( [SUM_dth_11]*13))*100000 VB #</Process><Process ToolSource="c:\program files (x86)\arcgis\desktop10.1\ArcToolbox\Toolboxes\Data Management Tools.tbx\CalculateField" Date="20140318" Time="142117">CalculateField neibrthdth cr25to34 ([SUM_dth__3]/( [SUM_dth_12]*13))*100000 VB #</Process><Process ToolSource="c:\program files (x86)\arcgis\desktop10.1\ArcToolbox\Toolboxes\Data Management Tools.tbx\CalculateField" Date="20140318" Time="142154">CalculateField neibrthdth cr35to44 ([SUM_dth__4]/( [SUM_dth_13]*13))*100000 VB #</Process><Process ToolSource="c:\program files (x86)\arcgis\desktop10.1\ArcToolbox\Toolboxes\Data Management Tools.tbx\CalculateField" Date="20140318" Time="142207">CalculateField neibrthdth cr45to54 ([SUM_dth__5]/( [SUM_dth_14]*13))*100000 VB #</Process><Process ToolSource="c:\program files (x86)\arcgis\desktop10.1\ArcToolbox\Toolboxes\Data Management Tools.tbx\CalculateField" Date="20140318" Time="142224">CalculateField neibrthdth cr55to64 ([SUM_dth__6]/( [SUM_dth_15]*13))*100000 VB #</Process><Process ToolSource="c:\program files (x86)\arcgis\desktop10.1\ArcToolbox\Toolboxes\Data Management Tools.tbx\CalculateField" Date="20140318" Time="142237">CalculateField neibrthdth cr65to74 ([SUM_dth__7]/( [SUM_dth_16]*13))*100000 VB #</Process><Process ToolSource="c:\program files (x86)\arcgis\desktop10.1\ArcToolbox\Toolboxes\Data Management Tools.tbx\CalculateField" Date="20140318" Time="142249">CalculateField neibrthdth cr75to84 ([SUM_dth__8]/( [SUM_dth_17]*13))*100000 VB #</Process><Process ToolSource="c:\program files (x86)\arcgis\desktop10.1\ArcToolbox\Toolboxes\Data Management Tools.tbx\CalculateField" Date="20140318" Time="142300">CalculateField neibrthdth cr85up ([SUM_dth__9]/( [SUM_dth_18]*13))*100000 VB #</Process><Process ToolSource="c:\program files (x86)\arcgis\desktop10.1\ArcToolbox\Toolboxes\Data Management Tools.tbx\CalculateField" Date="20140318" Time="143106">CalculateField neibrthdth mortrate ( [crude5u]*.069134)+( [crude5to14]*.145563)+( [cr15to24]*.138646)+( [cr25to34]*.135575)+( [cr35to44]*.162614)+( [cr45to54]*.134835)+( [cr55to64]*.087249)+( [cr65to74]*.066035)+( [cr75to84]*.044841)+( [cr85up]*.015509) VB #</Process><Process ToolSource="c:\program files (x86)\arcgis\desktop10.1\ArcToolbox\Toolboxes\Data Management Tools.tbx\CalculateField" Date="20140318" Time="144437">CalculateField neibrthdth plow "[SUM_birt_2] / [SUM_birth0]*100" VB #</Process><Process ToolSource="c:\program files (x86)\arcgis\desktop10.1\ArcToolbox\Toolboxes\Data Management Tools.tbx\CalculateField" Date="20140318" Time="144457">CalculateField neibrthdth pteen "[SUM_birt_1] / [SUM_birth0]*100" VB #</Process><Process ToolSource="c:\program files (x86)\arcgis\desktop10.1\ArcToolbox\Toolboxes\Data Management Tools.tbx\CalculateField" Date="20140318" Time="165650">CalculateField neibrthdth ypll ([SUM_dth__d]*(75-2.5))+( [SUM_dth__1]*(75-9.5))+( [SUM_dth__2]*(75-19.5))+( [SUM_dth__3]*(75-29.5))+( [SUM_dth__4]*(75-39.5))+( [SUM_dth__5]*(75-49.5))+( [SUM_dth__6]*(75-59.5))+( [SUM_dth__7]*(75-69.5)) VB #</Process><Process ToolSource="c:\program files (x86)\arcgis\desktop10.1\ArcToolbox\Toolboxes\Data Management Tools.tbx\CalculateField" Date="20140318" Time="165745">CalculateField neibrthdth ypll0012 ([SUM_dth__d]*(75-2.5))+( [SUM_dth__1]*(75-9.5))+( [SUM_dth__2]*(75-19.5))+( [SUM_dth__3]*(75-29.5))+( [SUM_dth__4]*(75-39.5))+( [SUM_dth__5]*(75-49.5))+( [SUM_dth__6]*(75-59.5))+( [SUM_dth__7]*(75-69.5)) VB #</Process><Process ToolSource="c:\program files (x86)\arcgis\desktop10.1\ArcToolbox\Toolboxes\Data Management Tools.tbx\CalculateField" Date="20140318" Time="170139">CalculateField neibrthdth ypllrate ((([SUM_dth__d]*(75-2.5))+( [SUM_dth__1]*(75-9.5))+( [SUM_dth__2]*(75-19.5))+( [SUM_dth__3]*(75-29.5))+( [SUM_dth__4]*(75-39.5))+( [SUM_dth__5]*(75-49.5))+( [SUM_dth__6]*(75-59.5))+( [SUM_dth__7]*(75-69.5)))/( [SUM_dth__a] + [SUM_dth_10] + [SUM_dth_11] + [SUM_dth_12] + [SUM_dth_13] + [SUM_dth_14] + [SUM_dth_15] + [SUM_dth_16]))*100000 VB #</Process><Process ToolSource="c:\program files (x86)\arcgis\desktop10.1\ArcToolbox\Toolboxes\Data Management Tools.tbx\CalculateField" Date="20140318" Time="170214">CalculateField neibrthdth ypllrate (((([SUM_dth__d]*(75-2.5))+( [SUM_dth__1]*(75-9.5))+( [SUM_dth__2]*(75-19.5))+( [SUM_dth__3]*(75-29.5))+( [SUM_dth__4]*(75-39.5))+( [SUM_dth__5]*(75-49.5))+( [SUM_dth__6]*(75-59.5))+( [SUM_dth__7]*(75-69.5)))/( [SUM_dth__a] + [SUM_dth_10] + [SUM_dth_11] + [SUM_dth_12] + [SUM_dth_13] + [SUM_dth_14] + [SUM_dth_15] + [SUM_dth_16]))/13)*100000 VB #</Process></lineage></DataProperties></Esri></metadata>
